Depth,Test Accuracy,Test F1 Score
5,0.6979325353645267,0.6978814269380104
10,0.7427638737758433,0.7427680174775374
20,0.7499455930359086,0.749960092486358
30,0.7551686615886833,0.7551801212489495
